Mvir,Rvir,Xc,Yc,Zc,Menv
1584544117647.0586,253.24,13945.03042181,58258.59080932,16119.53708366,45383981907028.016
1573720588235.294,252.66,3337.182814,56181.97442091,22690.62428035,65579276511268.06
1570558823529.4116,252.49,29362.96268946,13873.17763793,39158.8378573,28103545944466.625
1569573529411.7646,204.75,16705.46698882,18462.16454974,6374.63674623,87545510221533.95
1569191176470.5881,252.42,5945.62899394,16184.2877168,9528.99973413,77708528019296.89
1567544117647.0586,252.33,54108.87125376,53455.45202521,47228.15047673,32502321053597.617
1567058823529.4116,252.31,43710.93408973,14307.03124654,3522.17923064,48085717991788.84
1561632352941.1763,252.01,31917.91868687,26221.48673576,12909.83535041,28320721694638.06
1558500000000.0,251.84,1032.28406869,57180.84174743,13999.85444931,46255795497885.5
1558352941176.4705,251.84,35964.43588585,24476.32030034,57236.7839361,80455933223397.17
1552661764705.8823,251.53,35135.4719678,21688.04251506,56718.0838732,79283405684195.73
1548411764705.8823,251.31,27793.78346748,56125.78290769,29987.37164332,38846534664372.83
1543632352941.1763,251.04,18957.40816896,20188.05488308,17139.09048984,52107569693368.71
1542176470588.235,250.96,51660.69703494,14354.82108241,24055.0376404,102569778576357.72
1539970588235.294,250.85,6676.59422089,10823.32362424,41163.53088032,62213052383610.71
1538588235294.1174,250.77,56499.12138224,3113.89329641,40104.03410443,87617619357333.06
1538044117647.0586,250.74,50728.82710765,19051.39545231,54519.84336887,102372680271840.14
1537808823529.4116,250.73,38212.32013143,15797.06393733,7157.59313376,32440014989854.86
1536250000000.0,250.64,11200.39726937,3232.60491151,7553.40498217,71333444157574.83
1533897058823.5293,250.51,6580.73556104,12297.24137372,23547.75978234,37786860279204.734
1533808823529.4116,250.51,16368.27936466,11946.88690707,22529.83650792,67609502160168.945
1532867647058.8235,250.48,47273.0102772,27311.66053329,26772.46194696,34245524063925.508
1532750000000.0,250.45,23443.10974143,57437.68517361,47541.03205734,26042285089079.71
1532529411764.7058,250.44,28369.3689136,26211.61011333,49884.70812364,64177955638905.33
1530676470588.235,250.34,57068.49199313,55567.4579231,42870.2924522,36139849913429.77
1528617647058.8235,250.23,22767.69673672,48431.64173497,27004.87302323,48855918970369.945
1523441176470.5881,249.94,28449.76188756,9463.24640652,6862.25455983,57113734663683.516
1523294117647.0586,249.94,55230.28077293,27179.71523431,21379.78490058,48725014967309.8
1521294117647.0586,249.83,58129.1194798,16835.91982081,13549.36463707,35998341625693.28
1516558823529.4116,249.59,17230.96660624,8988.48002898,14012.29587234,34310940717840.0
1515985294117.647,249.53,16450.49423362,14933.26612487,12814.37346715,57615105243180.87
1515632352941.1763,249.52,13235.99807507,23928.80133691,56963.81443889,30612991000429.758
1511117647058.8235,249.27,13594.90368885,28563.60253876,20774.82641981,30295074545833.098
1508970588235.294,249.15,22400.88813934,18022.57559358,56109.68743794,37473303363863.9
1508514705882.3528,249.13,38335.71572585,16942.26684436,56341.70524924,32778857232879.496
1507338235294.1174,249.06,14313.86535583,46711.66301437,21762.5359951,40893373692599.92
1503705882352.9412,248.86,4635.23655719,53838.74208658,25706.25435226,42719054472632.67
1502102941176.4705,248.78,57461.30510572,2172.2554126,26226.23152743,66898237439311.23
1493367647058.8235,248.29,53533.69213931,43066.76537544,53409.80678434,77163161440931.27
1492617647058.8235,248.24,8691.13899722,36033.45570015,14690.48093912,56013952517361.77
1491676470588.235,248.2,11820.51019171,25093.04250043,47004.20638357,31600202773642.87
1487588235294.1174,247.97,17349.8758426,6155.17085951,9366.71567798,55054736055694.17
1481352941176.4705,247.62,34849.81366788,41075.64686401,10347.46797396,34545224713955.926
1473691176470.5881,247.21,34309.70433612,28119.80229817,34114.78325665,43556675136678.22
1473235294117.647,247.16,34380.47740192,21973.25001741,56980.56785365,91495229222237.67
1472794117647.0588,247.14,58165.30431784,21180.9340311,22345.63206493,39945704118691.03
1471735294117.647,247.08,20024.03792475,25992.85474389,15018.3108153,65396435078370.91
1470750000000.0,247.02,4685.68176164,9075.93157042,37768.48374988,50998361516223.555
1469258823529.4116,246.95,46907.86499196,17712.6209691,53678.89972104,64711280462894.05
1468952941176.4705,246.92,49575.65121942,53742.26905033,41030.70585736,40840328704141.164
1467608823529.4116,246.85,57307.10876652,53294.34417608,43011.85418966,33364001661319.918
1464451470588.235,246.68,8925.19442677,10069.10362762,48935.26437616,60324570673216.914
1463555882352.9412,246.62,9439.82460887,28360.55315821,22679.95260052,51275156911353.086
1462048529411.7646,246.54,1994.65723349,29781.93380515,1018.66858957,50816721902256.38
1453870588235.294,246.08,50680.23900034,24371.49549484,1231.07177092,50435768866528.125
1448686764705.8823,245.81,18027.67565432,39703.67584028,139.60735161,30864618893260.773
1448663235294.1174,245.78,6449.86673201,40059.14295122,44342.98008617,50089857100385.92
1443195588235.294,245.47,39772.16505461,8986.28423434,35969.34909741,28323172462652.15
1442536764705.8823,245.44,35098.05520183,20410.43451524,34439.15658106,50412722221164.88
1442513235294.1174,245.43,49796.20009512,18045.17111968,55416.65693601,92734186713667.11
1434854411764.7058,245.0,6025.99034612,27725.5135942,6560.08655821,48621870625024.586
1431767647058.8235,244.87,10560.88829466,26306.63089134,6585.76037665,31121336842736.426
1430282352941.1763,244.74,32431.3532002,4300.41972088,6040.83974913,32007737216293.13
1429316176470.5881,244.69,3857.65032884,14145.1446445,8610.12643242,55657507161774.39
1424673529411.7646,244.42,30900.44285501,19861.58214029,634.07486779,58387073602541.37
1423119117647.0588,244.33,56966.69418199,4552.81615604,37462.15025413,88510971428622.06
1415836764705.8823,243.91,32865.05969817,15394.13329174,24785.17106446,43416510058334.07
1411925000000.0,243.69,29088.29728201,31742.46389199,10588.34646892,88927177819629.89
1409827941176.4705,243.57,51636.62703783,4735.74549226,25700.35957272,34363396579372.29
1409663235294.1174,243.56,13382.16421954,20703.62190854,23729.19129537,56836727182860.46
1404997058823.5293,243.29,5431.48681798,47191.13857399,27516.04516389,34242484168984.957
1404148529411.7646,243.25,31126.69822091,8241.72411262,54995.23339108,49995879573076.49
1403654411764.7058,243.21,29168.29939445,14240.76749365,5345.99598289,65052125737468.68
1402994117647.0588,243.17,32570.60145489,10340.33279007,4343.65664514,53570725327933.05
1401769117647.0588,243.1,26278.81718199,43990.41832723,24744.03942753,44989761732915.82
1397644117647.0588,242.87,23162.95133206,57851.65272167,22852.12116105,43492130390614.9
1397644117647.0588,242.86,41276.74642063,14881.42635456,16742.84159224,53991220562965.51
1397008823529.4116,242.83,15448.24227236,13607.59285415,19359.93279979,73247988843195.38
1396607352941.1763,242.82,47653.61282407,54162.1624651,16879.68271276,24995500801062.637
1386122058823.5293,242.19,8576.72032155,27640.81102308,17764.81353922,76831930717796.52
1385485294117.647,242.15,29052.11122764,42192.33590042,35365.82724429,39590130670954.83
1382586764705.8823,241.99,36862.42965707,19320.49947773,21206.07625733,31946303060401.54
1382422058823.5293,241.98,22805.46627304,48036.95284168,8461.3068078,27999553259407.316
1382091176470.5881,241.96,49938.60902031,46272.57242265,12031.59707583,28151383050895.44
1381148529411.7646,241.91,1210.6781259,27780.76331054,49140.70063109,48815929034601.61
1380372058823.5293,241.86,30155.64076542,34550.68358108,35976.37056746,31837668055161.703
1380111764705.8823,241.84,57552.05396506,20461.56956843,22872.24978805,47198351450072.71
1379405882352.9412,241.8,50963.9713192,42311.96518421,53153.64112139,71866368375253.56
1378226470588.235,241.73,25831.03488266,51341.74339036,36428.29378049,40679614878601.97
1376270588235.294,241.62,50013.92864323,6684.57375112,26630.79732446,39449258640298.92
1375517647058.8235,241.57,28406.52928488,47915.91910847,25731.11324193,60083099328598.12
1374951470588.235,241.54,15196.85856887,54612.10857399,20415.29350884,39516018503605.74
1374457352941.1763,236.5,24265.09313243,29842.38917759,13746.48505054,55303818920202.875
1373585294117.647,241.48,47911.60633633,26885.39372511,16884.2562213,40269181931473.51
1370827941176.4705,241.3,29560.72104737,31009.03051281,17028.93539795,31655557139653.363
1370426470588.235,241.28,19689.52698112,45668.99442434,32003.58890057,40698325549786.445
1360907352941.1763,240.72,39945.98356215,38147.40252641,24420.49803883,24506384061635.73
1360482352941.1763,204.27,54110.26808877,21153.32159946,22874.20894638,51501405216192.06
1359492647058.8235,240.63,52854.8587843,20836.76748162,51495.2574124,95199046643835.58
1358998529411.7646,240.61,13553.98058725,4618.29741657,8767.46493325,85292193988119.95
1356123529411.7646,240.44,54234.80990437,36790.18314484,4380.50864787,66490278825273.91
1352823529411.7646,240.24,57551.36730301,4271.15476767,39261.48261053,94668196152938.0
1352070588235.294,240.19,14076.88504197,52956.14706367,29524.7073075,69369177159360.79
1350232352941.1763,240.1,32305.03183188,17812.15264773,39776.70660872,47976988726240.77
1343469117647.0588,239.69,9632.82957985,4655.08155609,13471.57453898,32670340053024.953
1343091176470.5881,239.69,22283.67406801,56465.11125211,12917.37844166,40124775139258.82
1339414705882.3528,239.44,20904.15447199,56922.97015857,14712.60845205,40040011557079.27
1339297058823.5293,239.44,15488.27138216,12522.14228319,22059.5348825,75440483612721.31
1336022058823.5293,239.24,19272.38311542,23760.11586525,15365.06177031,56982924920931.6
1330389705882.3528,238.9,56849.81852208,16583.54619896,19174.23349885,93513931548456.9
1329447058823.5293,238.85,27588.06844281,58080.25347302,24948.47370399,51483990624245.805
1328386764705.8823,238.78,55343.69827493,18788.28586218,19019.66058993,68887153508128.49
1326266176470.5881,238.66,36625.65216842,22092.85242922,55836.56713496,68770812722690.516
1324876470588.235,238.57,16146.72348,36023.05591101,53565.35238223,38034505674012.85
1322660294117.647,238.44,27705.00900366,56798.02931909,36450.89038019,33050939612597.312
1321082352941.1763,238.35,23489.82577666,49895.53276195,22523.78718189,100109301750522.16
1318254411764.7058,238.17,23836.93462047,37923.75301017,23543.27126784,27538054790293.01
1316722058823.5293,238.1,42066.26090368,14117.38274493,726.67351517,41601669213748.234
1311538235294.1174,237.82,14346.27871639,12884.36633144,27576.04295915,65129254234681.26
1311019117647.0588,237.74,19712.20541121,29207.23200031,15218.116283,59774326123900.16
1309535294117.647,203.58,155.20295622,5697.68727587,39551.08816364,145220588585830.0
1308851470588.235,237.61,1203.62208906,4203.00715998,13128.8441518,61088526906377.5
1307036764705.8823,237.5,56289.83649787,44271.29567683,50096.15476578,68719016683315.86
1306589705882.3528,237.47,18170.630277,57025.48453331,10443.04211577,44306704409297.195
1306023529411.7646,237.45,57979.470893,38603.52334008,7312.58196272,54902222876971.35
1305976470588.235,237.44,25675.99666368,28764.49651821,18766.18464229,27669147313969.63
1305316176470.5881,237.39,51139.50409471,26732.36324503,26453.49852998,34900821726769.188
1301970588235.294,237.2,13179.04037555,6352.43832519,28230.97551658,63897931828218.78
1301711764705.8823,237.18,17603.31765509,54810.76178149,6510.97782215,32003542632576.715
1301004411764.7058,237.15,12635.17540836,22195.46678368,15517.05190643,35145922093254.984
1295348529411.7646,236.8,55515.05004307,24203.39876301,51664.69142553,73488211238730.06
1290800000000.0,236.51,19193.29136346,19189.42342746,48719.09895367,25401032212162.926
1286464705882.3528,236.25,23390.2771005,21026.06673092,57171.80841034,58022686815985.26
1286347058823.5293,236.24,31382.32785138,41160.91457641,11733.07338747,80945073527901.16
1282741176470.5881,236.02,29397.39172113,25557.10842516,55390.21613639,53524278561050.67
1282010294117.647,235.97,17.02722942,12431.11232004,11215.95630929,54367696234052.64
1279277941176.4705,235.8,14486.04403167,13591.33523186,20764.17878002,75199318614104.28
1275789705882.3528,235.6,13084.99111567,17911.34003799,9471.63597672,67229208946598.336
1269992647058.8235,235.24,17923.95159505,29348.01685452,27950.56551948,41225122847429.945
1267942647058.8235,235.12,33326.65121651,26510.82515427,20482.96445368,57009082156466.57
1263370588235.294,234.84,9002.28795015,1405.51074977,44311.11024114,42844609203200.54
1261344117647.0588,234.71,55305.99664037,26551.41623951,21562.36315773,46686989277902.55
1259789705882.3528,234.61,21367.68106542,53024.90785209,33024.27636675,69833102831412.14
1259623529411.7646,234.59,33625.21205567,56733.77281622,4233.16491911,40039987992002.22
1251117647058.8235,234.06,36387.05319166,7734.25187081,54621.22247461,42769106696305.0
1248760294117.647,233.93,52760.00818556,26856.48835464,23743.57552788,48549761489225.48
1246710294117.647,233.78,14510.9892684,29189.17547328,30826.8254824,42711702168590.414
1243882352941.1763,233.61,26501.40066687,51458.82838607,36663.8475314,36220395346815.836
1240300000000.0,233.41,22282.15375371,2172.86044422,36686.38663125,53348082479884.02
1239122058823.5293,233.31,23947.6001633,49022.5857383,57849.94390114,25784247495288.777
1237826470588.235,233.24,30467.23158256,43977.19090423,5683.19846153,39787511756397.1
1237213235294.1177,233.19,32474.00381044,34699.6439827,8838.34997098,88410631330506.83
1236200000000.0,233.14,23059.77379386,20307.47780064,1183.08585283,59203085090924.26
1235823529411.7646,233.1,29570.84827475,33947.0234251,10723.39762974,124588727364003.55
1226373529411.7646,232.52,56635.14177166,26511.30488836,57250.54999514,39768117697977.93
1222202941176.4705,232.26,28955.74528304,42065.077029,16619.61391338,43232254720813.4
1220623529411.7646,232.15,8530.89942808,26912.50707156,15139.82792435,85673712585697.61
1217230882352.9412,231.93,30431.87956583,25849.06130239,50176.71771313,65320249184240.67
1212988235294.1177,231.67,13160.6239171,18556.35750842,26189.26835215,46679990450016.16
1207333823529.4116,231.3,18031.69228328,14988.04480309,12405.91575502,55432083634632.48
1205989705882.3528,231.21,5599.21724494,3914.48530868,12713.25957583,72850422428140.86
1201394117647.0588,230.92,45255.97470467,52185.9621149,42352.92240679,31930750109542.91
1200145588235.294,230.84,51702.8886342,19472.48093724,55718.12774658,101137069021353.03
1199698529411.7646,230.81,28635.32181538,14593.30499345,3436.97846339,64583510615082.69
1199391176470.5881,230.79,7633.66126669,9271.25187157,45497.58677859,65611419276375.91
1196635294117.647,230.61,10083.04777089,1664.6910394,37309.49200179,26337673330008.418
1196611764705.8823,230.62,7109.74329995,23907.68404335,46168.56563699,30566120062160.34
1195055882352.9412,230.51,20324.51421868,56139.65816623,31880.95923828,46757778769386.38
1193972058823.5293,230.45,14791.83569446,4249.59255909,11081.32062143,72149761991959.48
1191026470588.235,194.12,34273.51131385,9750.52259083,41024.12861228,54118307023542.19
1185817647058.8235,229.94,12781.77755407,45896.5037677,21547.24182062,46134859522421.11
1185535294117.647,229.9,33228.6695524,14411.99269419,5490.29996201,41559652681352.87
1185205882352.9412,229.88,36402.09029103,9587.67954046,26417.93808524,36329218872672.14
1185182352941.1763,229.88,28462.36651701,18943.73970085,30858.62311882,21069252617109.332
1181341176470.5881,229.63,25715.03245441,19426.25748466,1063.63926243,47622994138667.484
1179573529411.7646,229.51,3459.84118954,13245.66561173,56317.04531566,40444223323864.29
1179244117647.0588,229.49,37726.81706873,54816.83613248,51660.80583201,27286332637153.77
1175944117647.0588,229.28,26180.77083994,54252.1539109,25754.40802664,79507509567022.39
1175095588235.294,229.23,41366.52947942,29332.62186423,21056.58458837,28716921335223.168
1174247058823.5293,229.17,56753.89187785,22208.64678507,50598.25327583,46086386158911.7
1172904411764.7058,229.08,39769.0050358,51846.06481088,30301.98418469,27123592214987.543
1172386764705.8823,229.05,57567.75321177,10621.46699097,14866.7974485,59307360556908.26
1171373529411.7646,228.99,49667.9086745,41399.67532056,54182.7406195,50739098538425.56
1168308823529.4116,228.78,47578.42904623,11278.37969166,56859.23518942,44002125788315.664
1161098529411.7646,228.31,28409.52235104,41801.54049762,31315.33464673,54540451813968.74
1159873529411.7646,228.23,10456.42386447,41409.43282217,45069.78993513,31593981593299.418
1157210294117.647,228.06,30497.21635638,9565.16989352,27038.24215269,53937185841270.29
1156644117647.0588,228.02,30372.39650855,37772.15398363,11444.90257721,118547301428353.27
1153604411764.7058,227.82,55191.320883,23780.39103678,51212.60042418,73080700361156.84
1153580882352.9412,227.83,36438.24237748,24075.15644079,50977.81935117,36070545021800.625
1153039705882.3528,227.79,25145.78809445,24899.38452106,744.75633841,35400024319177.14
1152073529411.7646,227.71,16128.51032219,17280.80014025,9437.08850496,82038493103417.1
1146864705882.3528,227.37,53720.05252719,21482.81349778,24457.11883128,48583954416037.41
1146700000000.0,227.36,22073.50328902,36390.33475985,25801.82381303,40421011722961.63
1144908823529.4116,227.24,12743.05176194,6732.53029926,29608.97655144,60893408068332.84
1143754411764.7058,227.17,13738.39196088,53574.33383606,34926.49449948,35908912158256.15
1143707352941.1763,227.17,11745.81200268,41430.20746196,32151.50317541,26639259186203.52
1142576470588.235,227.1,34650.54525132,21856.04696068,20431.78011939,31688171206302.375
1142127941176.4705,227.06,34131.59394539,54111.95922682,7866.08157702,26409970986424.0
1140714705882.3528,226.96,42402.4814798,15185.77237835,20558.94723009,53841535193489.7
1139913235294.1177,226.91,26551.23608201,43424.70347635,23825.05790098,44694797663374.164
1139466176470.5881,226.9,10177.97056314,2034.7740276,58080.06224267,42577593315050.305
1136944117647.0588,226.72,39134.10634883,37189.5870489,20190.93530011,28210625654620.594
1136732352941.1763,226.7,35042.1372605,57135.3150134,26039.71547522,25836137794971.668
1136354411764.7058,226.68,51870.07202943,41091.44885004,3879.7721581,80482938801706.25
1133857352941.1763,226.51,19485.88195517,57193.98582201,14551.49504333,41589085462598.98
1133314705882.3528,226.48,50844.41484905,23488.94195524,6986.95587143,34497175521833.58
1129733823529.4116,226.24,10553.39379879,58413.97013861,18310.58726602,34621669823933.81
1129616176470.5881,226.22,31475.36627655,7848.68608504,55399.69260104,49776865746894.484
1127588235294.1177,226.09,8617.19562308,33730.46832809,14996.97007033,59270269125618.14
1126976470588.235,226.05,52054.33976818,54300.17319592,40341.33194499,36119560382082.375
1125798529411.7646,225.97,34288.89539719,11033.26870748,40488.17944674,56446560202002.33
1125444117647.0588,225.95,26549.95092591,26936.91795548,49542.27106571,41797400743796.41
1124808823529.4116,225.9,17060.13591356,27908.46751333,13399.01238386,45201258299516.16
1124430882352.9412,225.88,17603.53117686,54996.7473891,42392.87641589,42378916150369.82
1123464705882.3528,225.81,35187.36048077,52862.4870585,28264.57491282,38004106724607.34
1121697058823.5293,225.69,54548.23763945,37797.42338989,4937.54991006,64956239438917.51
1118751470588.235,225.5,33461.76538607,9957.61569724,55124.97877889,50487729861442.195
1118398529411.7646,225.48,20926.86500153,27274.46060058,11834.86923517,65822138195433.305
1118280882352.9412,225.47,15007.17921369,50472.19089978,28189.23842749,51702650974271.94
1117197058823.5293,225.41,28671.0100165,10017.70197128,6748.80877424,57576293561265.47
1116795588235.294,225.36,36853.70581675,30011.28400728,1639.32629645,40928179311415.375
1115594117647.0588,225.28,53271.30529425,1452.51632325,20105.93536497,52847725198700.18
1114298529411.7646,225.2,52069.19435563,7701.0851836,11492.17644528,33022331609048.254
1113214705882.3528,225.14,14196.36922759,48559.361754,18028.54818858,51362583347240.24
1111752941176.4705,225.03,3356.20000683,21557.9421552,17938.88559328,39164828160202.43
1111094117647.0588,224.98,13638.53550126,35823.30110256,35597.62273466,35515611022149.24
1110763235294.1177,224.96,28591.13919488,48803.68072291,22976.24897287,94007714173141.4
1109161764705.8823,224.88,46221.74770202,39187.41721723,56589.93991235,25304132615298.234
1108407352941.1763,224.8,22948.52667811,2682.96095826,8840.80520743,28742183097829.91
1108123529411.7646,224.78,19285.10167364,39428.83301545,28762.93874849,37194905543494.4
1107347058823.5293,224.73,49761.65088963,19336.79229549,20397.21954521,66212116655674.98
1107276470588.235,224.72,22913.44773098,39819.64425405,55606.88102867,42637754956780.74
1106239705882.3528,224.67,57117.21361705,10446.08522435,15629.5110928,53024180495714.484
1103341176470.5881,224.46,7742.58215913,35496.42508996,15181.22404814,61800145103391.09
1093419117647.0587,223.79,54652.26498259,15284.85430106,45484.83633633,81255449157839.08
1092972058823.5293,223.75,18089.59861178,56759.46906524,9922.8156749,40305071543833.66
1092617647058.8235,223.73,7563.33924624,44141.49106426,13309.09293341,27353210325845.887
1092288235294.1176,223.71,23467.93563741,47955.4980611,26319.53414992,53650987980394.41
1091439705882.3529,223.65,46157.23592199,17268.17430522,17564.31186323,38811163483707.98
1090544117647.0587,153.02,56481.27418615,13892.08039998,22052.17086008,114120271791828.98
1089366176470.5881,223.51,36789.93609763,45916.59667028,48975.87235438,24656894208808.58
1086185294117.647,223.29,36384.61779098,28794.02377417,37665.6552735,54364891989882.67
1084535294117.647,223.18,52408.69793243,18040.33735052,50853.71488514,72769547083675.97
1083757352941.1764,223.12,5631.12138115,28356.17715112,10144.19426812,34829631628975.355
1083286764705.8823,223.1,47349.25414118,29035.73865661,25177.4633696,29839396650752.25
1082414705882.3529,223.03,33322.96462091,10763.98171296,4793.79120779,55969037480488.2
1078902941176.4705,222.79,10956.88534993,48414.4510644,20932.01047909,37249717912732.55
1078220588235.2941,222.74,30165.26927164,27290.47237189,47266.13225706,48887896779938.375
1077819117647.0587,222.71,21167.03585345,59.67627061,38578.23677426,53425069586634.25
1077724999999.9999,222.71,10556.99599326,158.91708865,1394.62340647,55359597457600.42
1077724999999.9999,222.71,52446.76061475,14062.20117673,28210.79893154,81226652633673.56
1077583823529.4117,222.7,53014.49346425,52930.88143935,51061.67781742,36977093536242.375
1074355882352.941,222.48,27458.85607976,238.22460099,9121.53433299,32794198098044.6
1073152941176.4705,222.39,47355.04354376,12053.23891646,28005.78593726,50650800194687.25
1071457352941.1764,222.28,4977.13984996,54397.83577124,28127.50261859,40817399884163.21
1071220588235.2941,222.26,17522.61951318,35918.35061142,26854.43424714,54022255769451.59
1069995588235.2941,222.17,51821.84076572,21021.22206616,51173.35076144,82486889389686.86
1069642647058.8235,222.15,12476.86687766,45317.364422,19511.0812078,54638246883761.66
1069383823529.4117,222.13,53305.03384981,17433.41953924,48790.47708337,66435725671883.41
1068204411764.7058,222.05,45710.52312519,12498.46037618,57648.60265805,52659487363156.62
1066013235294.1176,221.92,10541.32260324,25890.89401554,24471.8707444,55927445119479.89
1064245588235.2941,221.79,5846.69252539,14135.4869698,20382.60494941,73836997944273.4
1062879411764.7058,221.69,53066.22911656,21656.00179697,51877.84256747,95952469287551.0
1062407352941.1764,221.65,56165.10546867,42264.91859868,8645.14644149,38519003658336.29
1056210294117.647,221.21,53393.86927283,14795.29592115,41501.506449,43140280225053.945
1053664705882.3529,221.04,30186.01586248,26735.21392942,48904.96744274,61508692230331.15
1053664705882.3529,221.04,22634.90253677,47206.0129316,27330.61824594,47782718230970.22
1051708823529.4117,220.9,14627.01623279,53596.91585094,30021.16061763,70473059629090.72
1049399999999.9999,220.74,26271.51229997,39592.17104594,26870.90860665,45168385017019.5
1048151470588.2352,220.65,55298.8260411,3207.20614324,18362.76237373,45203473416759.66
1046572058823.5293,220.54,18645.49463034,53715.71143981,37876.83082158,88911436348154.78
1045747058823.5293,220.48,30378.57478672,38364.82974821,11605.63570912,119231607701056.0
1045347058823.5293,220.45,1652.8814757,16349.27718128,14729.19862058,47865007480058.62
1045135294117.647,220.47,4303.73640731,28775.84729407,37696.60630776,35737594048040.62
1044239705882.3529,220.38,22965.46596578,28694.46361611,19299.92514805,27944128198165.65
1043438235294.1176,220.32,14808.4255737,50235.75616845,53893.494962,29095282212474.97
1042213235294.1176,220.24,8839.21201391,44221.59293466,22524.88894834,33537676279241.305
1038795588235.2941,219.99,27634.03191248,20771.6989049,54310.75200001,32613830998238.594
1036792647058.8235,219.85,4359.35448808,54931.97626082,24664.95845586,47903159339816.39
1036345588235.2941,219.83,31865.79301837,29363.57839094,21581.90268564,51819250975557.56
1035449999999.9999,219.76,10329.6759462,18647.90613969,10843.73454923,65066311913857.914
1032833823529.4117,219.58,15106.65914189,5559.36896749,12095.63132273,52052309587666.45
1030241176470.5881,219.39,8921.50520287,9311.11667212,31595.41214995,34308843425981.79
1029439705882.3529,219.34,11232.81424134,26149.03939435,13904.44938999,62885222641628.31
1028167647058.8235,219.25,6024.29122238,4591.43074468,11426.13482417,43547555451856.57
1028026470588.2352,219.23,57968.66042591,9222.20292784,12111.41430151,50248402938835.734
1027908823529.4117,219.22,43110.65758177,49675.51838424,46868.73731919,43988622999161.12
1027579411764.7058,219.2,2414.84350356,25204.12699237,20821.53103058,31210059357861.8
1024020588235.2941,218.95,6939.66527233,35825.34799047,46597.24494026,40141270693199.79
1023172058823.5293,218.88,19578.40784921,37280.1740459,28232.16509174,47071312119650.16
1022842647058.8235,218.86,57926.54286213,54868.79354299,36795.41208725,79231397559127.55
1019944117647.0587,218.66,40083.13165793,38553.8428114,16552.80044875,23333809392280.203
1019495588235.2941,218.62,34518.95861816,25154.80973657,2599.36805807,69190412484794.766
1016738235294.1176,218.42,57768.88680489,18938.53955731,21174.05014623,69333075461307.125
1016549999999.9999,218.42,34533.27188052,54296.95126024,1772.90771863,41229812297764.586
1013839705882.3529,218.22,53103.6331274,36473.64444029,43634.98253111,47056206905255.64
1013439705882.3529,218.18,45882.99634233,25256.1360296,29086.02911071,39974217861931.85
1013157352941.1764,218.17,1870.9558666,5875.26059235,55597.78228529,32197506781845.496
1012308823529.4117,218.11,10278.69804856,3152.64040095,21266.72052678,29286866288960.836
1011436764705.8823,218.04,16632.03520196,10424.10644104,29105.33887317,56694511942812.21
1009410294117.647,217.9,53947.19749331,24506.61378453,54601.74959283,65381047083051.69
1008561764705.8823,217.83,1287.65491953,12490.11229036,9623.56388672,50429264905259.98
1007760294117.647,217.78,52404.15227992,20891.67779292,53919.16903939,111762986438432.72
1004579411764.7058,217.55,26871.68055819,42932.92059245,23546.05673425,44195430115426.805
1004060294117.647,217.51,44621.28250504,49574.81945153,37785.51480978,33650812214199.324
1001161764705.8823,217.3,24794.79425013,39276.04430358,26491.11476401,36451686578145.336
1000124999999.9999,217.23,14937.22728573,50774.50074808,25369.27418795,49842447356348.375
999182352941.1764,217.16,47645.27799671,10290.96154208,52631.71354136,25940201175262.15
998641176470.5881,217.14,51060.50258929,24318.72361312,57118.09837031,49606608065146.58
997933823529.4117,217.08,53943.04123537,38850.71777873,1450.67530493,55784028060501.664
996473529411.7646,216.96,17232.30818526,53643.53759109,31473.48138772,82450057174244.38
995907352941.1764,216.93,48635.79048266,49289.15385519,48402.75569053,51126154929111.984
995435294117.647,216.89,37586.1826669,15723.6027258,48670.32877362,24395746024845.918
993079411764.7058,216.72,11845.62777227,9583.20481097,26865.44046449,80472876513802.25
992655882352.9412,216.68,15421.95006268,41824.37196173,45076.28418527,28426151849397.934
992419117647.0587,216.69,45818.64973524,7160.38169242,13587.1882609,24754005891366.79
990227941176.4705,216.51,10671.02747367,16890.74473999,19476.79176085,71370488458710.84
986339705882.3529,216.23,56141.89777594,1913.59886848,18876.8087175,48086354248869.42
984595588235.2941,216.09,29867.27207171,22321.68115635,55987.59304536,60466762348188.1
984030882352.9412,216.06,40154.22472518,43115.32212591,31713.239171,34750853576368.684
983747058823.5293,216.04,4.03796536,27114.55439458,52140.69777385,47185626308461.1
983158823529.4117,216.0,3454.09178311,14966.70941759,18607.26982846,57830089441185.875
982074999999.9999,215.91,31060.74401801,7608.57451819,55224.88981351,47191211231723.98
981226470588.2352,215.85,882.81837614,31800.9849,57864.30574894,35622360821224.4
978704411764.7058,215.66,55311.94459542,38705.28010809,6614.87790459,60246499572921.99
978657352941.1764,215.66,233.25389598,20374.78072691,21329.82398818,49324486962601.82
976795588235.2941,215.52,54251.96604072,1535.77589178,21109.04204877,60067664203124.78
976042647058.8235,215.47,19036.92837351,2032.94365283,54512.92301257,26289977614041.95
975688235294.1176,215.44,22872.09967608,33171.79616085,23543.16404603,42669544245732.7
974439705882.3529,215.36,32989.52657723,22624.49560044,3425.08617065,67940120191300.164
971752941176.4705,215.15,12407.64382645,55460.38139149,56797.50115227,64642305482343.73
971611764705.8823,215.14,34979.24390687,10200.80080615,41603.3282476,53799777876941.984
971447058823.5293,215.13,30397.81005947,26376.02889686,49724.78273907,65421885361594.125
971069117647.0587,215.11,12900.47047681,20369.94887353,24782.00201707,52697285746758.51
967864705882.3529,214.91,14303.22082159,12606.01055497,27159.89406499,67712410851683.55
967370588235.2941,214.84,55344.1678667,6329.10991079,39653.3706266,77782663751723.03
966992647058.8235,214.81,6644.34071883,11159.00975859,55061.23516507,42017875604756.03
964305882352.9412,214.6,53027.06062882,13968.26868276,30186.95645606,65228463209097.68
959498529411.7646,214.25,5365.42642392,15393.75301525,10164.66396648,76768776311279.66
958320588235.2941,214.16,27849.58768021,15416.32754305,7178.11278552,48919921719660.92
955682352941.1764,213.96,33499.67723637,52886.70337167,2133.61376856,43285747445736.27
954974999999.9999,213.91,43293.37277875,15132.86700343,7510.98713918,48685779114007.336
954810294117.647,213.9,11916.0199224,51051.59961826,18078.10096214,53119383407030.96
953891176470.5881,213.83,12027.21173125,16877.36652997,23550.17980697,42478101559709.18
952854411764.7058,213.76,2411.9200792,4887.17541239,56282.22552969,33499736505177.07
952288235294.1176,213.71,22498.05594572,3428.2468186,35419.78959667,39400384670479.52
950144117647.0587,213.54,14768.87002338,3851.60064849,10707.04316869,73759303885211.42
949483823529.4117,213.5,7603.35687329,16576.21646541,19099.15750927,88697206232615.66
945524999999.9999,213.21,46669.44562616,15543.89081551,1267.6032127,70557446170037.33
944582352941.1764,213.16,31617.75091834,44802.29266471,34489.57328507,30302709630800.062
943780882352.9412,213.07,4281.34028177,4340.50543676,53974.1941525,24984872951309.24
942720588235.2941,212.99,44210.79707019,50713.42575554,31899.30543528,44690768035197.16
941989705882.3529,212.94,31740.93998063,9958.04652907,56214.0317204,50454314582173.195
941777941176.4706,212.92,43878.508933,49816.11775204,50157.551316,48314817670951.91
941023529411.7646,212.86,22697.94785386,51245.98126407,38458.47169223,29850165890968.0
940952941176.4706,212.86,20867.11558479,25996.10411547,13695.20366813,67587374552810.98
939020588235.2941,212.71,46568.20647478,32185.43680668,46387.96905518,28770626145839.562
937607352941.1764,212.6,31429.69665114,23027.59546428,38266.01961054,31463218980701.62
937395588235.2941,212.59,54789.80913303,25142.21402463,53332.16701948,65725450684262.15
937348529411.7646,212.58,11907.28782954,29760.5758393,39793.73664959,26415885820765.688
936382352941.1764,212.52,21489.07490439,7939.71715347,7651.44430896,26001328985151.98
932470588235.2941,212.21,52445.7529272,13702.09729811,25258.18933877,103888739504400.89
932186764705.8823,212.2,1733.16549051,37502.56035833,32372.85115833,25460557596812.777
930655882352.9412,212.07,34343.5958603,19643.38172464,41071.3840012,40727734765955.49
929407352941.1764,211.98,5266.09335201,35837.98108186,16694.75775666,43055257427026.766
928274999999.9999,211.89,20134.71954221,45643.80760443,32608.15745759,40989566337152.85
926626470588.2352,211.78,3850.81272134,25842.7341891,49309.60345037,35467090528485.73
926013235294.1176,211.73,30509.17963324,35871.46051899,9457.33291349,115535755275503.89
925235294117.647,197.79,22589.59398368,1942.59243943,36781.03982516,53758397601627.2
923869117647.0587,211.56,42970.85685975,10595.65922644,30462.79567593,27622606286779.027
923091176470.5881,211.5,57470.22874869,16482.95914072,37410.29100143,44347801903687.28
922336764705.8823,211.46,13192.97983774,17577.8312056,12934.36862677,60586849980878.38
922313235294.1176,211.44,4189.74258867,34928.18163853,21082.98851008,37898747265078.65
920899999999.9999,211.33,24760.00624763,54253.78739263,15017.08406154,27505205072873.42
920569117647.0587,211.31,27911.33490191,53581.92030114,20533.51153165,42500370557529.49
920169117647.0587,211.28,8014.93091932,3004.53320268,3525.15103876,40390400687862.59
919745588235.2941,211.24,27208.56411621,54594.51768699,20524.69382746,42128466511391.734
919297058823.5293,211.21,52686.32042911,13606.56587713,26698.16026159,99535232908299.22
916680882352.9412,211.01,51791.04040714,42573.90892609,53040.72326393,70582448716796.44
916186764705.8823,210.97,53633.63042687,21693.16828406,27807.48572734,28815729703329.594
915998529411.7646,210.96,9609.27563215,39505.4056693,45049.87191722,38239144803189.16
915691176470.5881,210.93,29152.15274504,47400.31041963,38809.61595399,27272499936920.41
914513235294.1176,210.85,11853.60647455,3217.23721042,40250.34282289,35886289684279.96
914442647058.8235,210.84,46974.83923607,35936.73504551,42927.53480514,57335717689574.9
911191176470.5881,210.59,54763.62081967,22197.90460226,23863.43303077,52755302966476.62
909917647058.8235,210.49,13998.34771903,51245.19555028,27992.52863353,56401126733433.48
909823529411.7646,210.49,19050.19773672,31726.25274357,26619.62085661,61879017416306.0
909094117647.0587,210.43,8035.14529281,9664.85586595,46957.24109088,66245296284173.4
908198529411.7646,210.35,55113.14997443,6147.20948093,38537.74932037,73848238486030.33
907749999999.9999,210.32,29651.3890444,53942.55440794,20505.26787692,33843527414384.0
906995588235.2941,208.2,50169.38050315,34626.21727147,6117.74736894,38045274914228.6
906219117647.0587,210.2,36396.24557057,34336.29830814,12332.86634539,28597140048534.645
906195588235.2941,210.21,5642.52160854,22167.01285138,45003.59877432,29499682499876.445
904498529411.7646,210.1,29424.83666362,27291.25109102,55385.58622822,31852938225095.633
904474999999.9999,210.07,14787.0987863,18892.52808887,15075.22438842,49626072818796.93
904192647058.8235,183.52,20148.4958377,20972.97259553,16075.61318577,57256845376659.99
903297058823.5293,209.98,56994.62029254,15352.68400186,20819.34583679,112731864581694.31
902730882352.9412,209.94,6911.9635209,1913.69180131,41909.89952069,57248856815537.15
902141176470.5881,209.89,2155.91401987,31394.0634056,18938.95273701,41084957769085.79
900939705882.3529,209.79,25673.61538297,44839.61834171,25372.5292613,44228539048694.04
900939705882.3529,209.81,18367.0757806,22075.92474261,6601.98593515,71923325166504.03
898135294117.647,209.58,29155.3765974,26293.75674033,28442.01595092,26625167270122.516
897711764705.8823,209.56,27925.13797769,55737.91382635,36397.60698249,32633507837582.465
896674999999.9999,209.47,26263.3294135,44584.67314882,24647.26512711,47021377721363.125
896533823529.4117,209.45,630.09216961,6981.94885656,40067.99732298,142814617783230.8
896226470588.2352,209.43,37719.96961601,18911.2120671,41891.8368509,30317720584886.348
895497058823.5293,209.37,27062.5797052,42477.75230803,18858.72002491,43425912524080.42
894624999999.9999,209.3,24380.54972749,20969.09810513,57665.00068702,56610384617713.25
892951470588.2352,209.18,11947.10760915,10917.78896154,26544.8241858,69520677039770.1
892408823529.4117,209.13,429.87546678,863.26655168,27916.82118235,68024318211630.3
892126470588.2352,209.11,57355.80626263,18604.59298252,56008.16933834,42169587570858.87
891348529411.7646,209.06,3430.84733714,27304.76217439,37006.20858651,29279254769070.93
889629411764.7058,208.91,56871.84308033,16133.66390505,37349.21199419,42510244324817.016
889510294117.647,208.9,14998.0262809,23178.18177308,21711.80617568,32714948743896.758
889227941176.4706,208.88,48638.89811897,33465.92751914,50020.54497817,41104964519508.484
888969117647.0587,208.87,16116.65753782,26488.75028071,33893.12597536,36792555417797.01
888355882352.9412,208.82,38215.82033041,38202.23192653,11043.82406391,26111684241017.09
888002941176.4706,208.79,19579.30803158,47798.51352445,25989.47824439,31552554187830.52
887413235294.1176,208.77,17306.65239439,37085.51002453,27017.28493078,47785687430679.59
887130882352.9412,208.73,18215.34869313,54399.03639423,37263.15620568,90247293436448.92
886707352941.1764,208.69,55379.21173215,29121.0596989,20466.27352704,42455455520655.93
886447058823.5293,208.66,27581.60004296,2438.77124682,8908.06033442,35062595980776.01
885929411764.7058,208.63,28013.37595938,13624.90927123,44542.39274928,21191178325810.18
882229411764.7058,208.33,403.67443343,11811.56077901,14186.88219235,55460903723875.06
881404411764.7058,208.27,27252.06021848,48815.48912931,22764.60307977,113281590699315.78
874995588235.2941,207.76,51304.4007429,36621.10305046,1899.29772328,77248349194497.86
874499999999.9999,207.72,20362.19801893,24966.44792308,11574.57032773,58132900681388.02
874452941176.4706,207.72,46673.56174601,56999.7025378,11678.06899691,36238469760919.734
873416176470.5881,207.64,5945.88521203,22756.22235365,40185.07140078,33587752067990.688
872661764705.8823,207.57,33477.83744037,42088.26530316,30987.63021075,29371653436217.438
871742647058.8235,207.5,8853.56313711,10804.26075083,35039.62590022,44114625466193.09
870376470588.2352,207.41,16319.75453336,2927.87675761,10044.63659079,72039430301171.44
870329411764.7058,207.4,12382.05788935,46572.45754267,16402.13824838,71100244155003.6
869880882352.9412,207.36,24371.31647879,32113.0099574,9029.65313045,26571085418273.184
869055882352.9412,207.3,50763.99263663,48205.26283338,51412.75460146,39684697325190.72
867807352941.1764,207.21,45329.58785706,15586.20067396,4098.40751649,51424111763440.07
864438235294.1176,206.92,16714.77834259,58069.79672034,56896.94882838,24899449546972.055
863966176470.5881,206.89,18429.98655,50757.25400278,37826.1693088,47148888353326.85
863966176470.5881,206.9,22479.90471194,56645.90031044,37825.58948459,36298348621725.46
863613235294.1176,206.86,32128.70598332,27850.46495565,41953.56887627,32054938065641.375
863188235294.1176,206.83,15452.70038922,51526.55844547,34481.16485431,39788006623015.33
863070588235.2941,206.83,56093.04742404,14760.30800385,19206.16993291,103421514721561.36
863047058823.5293,206.82,17417.50794329,15447.08037339,11593.8286411,58509612003245.734
861916176470.5881,206.72,24046.8933612,53476.66207405,32291.08160496,41414892412982.305
861445588235.2941,206.68,5729.74103959,26807.42550306,5878.721356,47504815277218.94
861020588235.2941,206.68,58473.21406572,343.23256079,14128.47330604,50626056863775.79
859936764705.8823,194.51,44014.06732203,16894.32750397,57275.4290236,68378312799203.59
859536764705.8823,206.53,6979.04589854,8052.98446369,52732.67778097,35255287615883.63
858899999999.9999,206.5,9538.87633694,13678.19026964,29763.08563443,23984841776176.29
854776470588.2352,206.15,18475.65018355,39658.93958247,55172.31804722,40039516690461.05
854776470588.2352,206.16,40590.78572012,14425.50957561,22687.98125259,39417799262425.78
854752941176.4706,206.15,25581.35743959,50685.29185206,23376.54841996,126236326856705.02
854492647058.8235,206.13,14911.07790447,53433.08689326,3078.40227782,43523495508179.805
854469117647.0587,206.12,42785.95699787,52548.99525576,45616.27992498,39978553836110.625
854069117647.0587,206.11,21710.58145051,41835.9014893,228.43592949,28151712961974.266
853549999999.9999,206.06,43730.36094638,16475.95605431,49548.18444929,28784458846072.92
852891176470.5881,206.0,31544.81737711,24476.76421645,5093.2259998,48432831576861.03
852324999999.9999,205.96,43783.91352817,29113.70983125,306.71838834,38904127712703.88
851523529411.7646,176.6,28339.70920956,3763.91189152,27538.38367369,82483378193205.14
851311764705.8823,205.88,20587.68807067,39723.92363018,55374.98276552,40472053679870.414
850439705882.3529,205.81,20727.39042223,1677.22831314,56294.57750952,26960191970663.676
850392647058.8235,205.8,34218.96856668,9735.15913873,54490.48372921,52486425437238.74
849780882352.9412,205.75,11207.69231976,21717.59390863,24433.09345039,54857307840097.79
849238235294.1176,205.71,42041.69440516,15024.61866182,21126.85590867,51338358448024.07
848577941176.4706,205.65,2690.71678377,10280.60201133,42804.38175139,69959105298444.125
848225000000.0,205.62,5957.70220307,9661.20069904,41288.66923442,81121788040763.1
845514705882.3529,205.4,44672.66513341,16955.47263459,57508.70741124,81473779596786.4
845208823529.4117,205.38,19943.54716582,45289.60549433,29945.10998874,40324984033948.11
843135294117.647,205.21,19582.43762642,40642.42042058,28976.74884682,31235839552163.84
842239705882.3529,205.13,3106.79637535,18728.60394335,16784.62741248,42223174556089.98
841579411764.7058,205.08,8401.25988361,52602.19849432,15800.60501221,45200339261510.875
841250000000.0,205.06,1323.60120938,58356.88723825,20150.99337084,58315294377821.07
839529411764.7058,204.92,51559.85796578,36996.57884199,42923.90800771,49251152442795.664
836230882352.9412,204.65,15638.00488638,41713.80392445,46468.45160935,33637757161508.895
835194117647.0587,204.57,43145.06279163,18278.88598663,57351.42663967,68303045943078.63
835027941176.4706,204.55,54980.4693232,46832.29603696,51842.73002895,75905328322777.94
835004411764.7058,204.57,31912.81702927,26571.67544379,1135.69147298,43031221048427.055
834957352941.1764,204.54,5265.64908024,5384.09563728,42016.81100053,120011564621539.36
833991176470.5881,204.48,9551.11310702,1402.45365441,4630.45475076,52068922966992.72
833261764705.8823,204.41,45153.46372624,16810.50687378,6364.61041573,47575769724242.18
832789705882.3529,204.37,10163.06044132,28821.86233688,24658.60128785,48478406435892.25
832719117647.0587,204.37,41896.91489002,51033.18823655,34662.46717938,48963964848683.32
832105882352.9412,204.31,10266.54821595,3992.58518189,20926.96273073,29644042161937.02
831352941176.4706,204.31,46310.75744356,15616.33446455,2095.34068065,66663364316268.83
830410294117.647,204.17,25071.84484329,45777.94355171,20742.49922505,49443608427132.7
830410294117.647,204.17,7810.59272394,4884.71779385,47542.634794,49038972488960.63
829961764705.8823,204.14,11968.01243514,22942.82914511,25698.22976102,54386972467086.516
829301470588.2352,204.09,50306.28917445,1093.98672261,23764.92865683,36276291709598.67
828477941176.4706,204.02,43822.43280486,15228.15375751,7016.97958167,53280002972261.914
828264705882.3529,204.01,3707.89220227,29144.67190199,10198.93659538,32371181399766.883
828100000000.0,204.0,38291.1126246,10665.64672011,25693.59617946,34599872127654.664
827982352941.1764,203.97,50113.51844598,34891.27727145,2930.4088494,104162400744281.64
827629411764.7058,174.06,9203.18712326,28599.38622601,22770.21644193,49483315581976.336
827204411764.7058,203.91,21023.56481798,6011.60008282,24572.04313387,47447952746276.7
826451470588.2352,203.86,46046.93192651,30543.71614272,20908.37709842,25428674047552.582
825485294117.647,203.79,28952.27094648,43435.53529138,7683.45482425,51925293822320.96
825201470588.2352,203.75,15939.55644539,41842.61255729,45720.50883569,29232077484799.746
824966176470.5881,203.72,51456.66839242,27380.57778716,25095.84670961,37853855793282.14
821573529411.7646,203.46,57611.13096788,10019.46167628,14389.60193212,58998281006208.54
819617647058.8235,203.29,39441.51803763,18567.69677443,5949.99724496,26392085092936.57
818769117647.0587,203.21,17923.49422095,39391.1067715,55413.20171022,40843274338773.48
817944117647.0587,203.15,3193.20132303,26685.64156894,36850.73253395,29564533591941.523
817048529411.7646,203.08,15525.64880168,50481.50417246,50818.60490618,35024326295632.953
816505882352.9412,203.02,24911.34324399,19842.87307441,9131.99346409,25348647045861.805
816129411764.7058,202.99,32460.46175272,26462.00334417,19500.93386926,57395408029764.17
814833823529.4117,202.88,31347.91261198,32607.32813504,4854.68126439,53148604102583.54
813019117647.0587,202.73,8795.74487622,15011.88985328,1900.00090931,42571089353782.15
811911764705.8823,202.65,15938.53519731,11926.36516313,25266.77679563,60065519781112.46
811580882352.9412,202.62,55321.08416523,1541.66512383,40578.81518834,51635396244346.89
809342647058.8235,202.44,13095.84964945,23280.77634648,56795.98246294,31031883810222.234
808070588235.2941,202.32,41543.03430719,24983.43394467,28201.22560199,36564398341716.3
806891176470.5881,202.23,16852.21964816,52889.32041522,50259.918168,42916647643768.47
806514705882.3529,202.19,45507.32725342,17580.90158308,54299.35457428,60601908065118.79
805172058823.5293,202.08,31625.70308804,24470.79368602,19184.15655507,50151432646739.87
804488235294.1176,202.02,8856.81677604,17234.74638554,11131.76859016,78269942415139.39
803050000000.0,201.9,20521.74141637,21457.54782457,13414.34497323,54548016203704.53
802508823529.4117,201.87,58061.63190904,20503.39744682,13978.99413124,28216351968345.82
802508823529.4117,201.86,7644.75294221,11506.09552037,40772.38238263,54305672951234.58
802083823529.4117,201.83,26449.73132312,15406.13283005,9327.57619176,36804008045247.45
801542647058.8235,201.78,25291.17369329,52977.5858205,35515.99023072,47950925751014.02
801142647058.8235,201.75,50589.09990337,20193.45640293,55313.80012936,100469069781974.78
800080882352.9412,201.68,151.87668249,57743.17766366,27003.64297275,60582843917778.43
798926470588.2352,201.62,19258.65547471,1655.37312565,54756.66754317,27491278112331.824
797913235294.1176,201.47,49170.08933714,33786.4766685,52855.80877992,28193140367443.164
796382352941.1764,201.34,57944.12255148,18400.9187322,56896.71237315,40377086419324.53
796169117647.0587,201.33,26178.73817722,53814.10352786,25596.50845541,81136162737768.8
795297058823.5293,201.25,29950.09902106,3856.67769901,43845.3527706,25186165839543.223
795250000000.0,201.26,48610.54966684,8763.67930481,27898.46387338,46601966479875.35
793176470588.2352,201.07,47115.96849786,14904.87108886,13623.02162876,36705364632680.44
791857352941.1764,200.99,41356.31255357,7563.6783135,16677.58733373,24869663289570.066
791480882352.9412,200.94,47155.93610106,13949.48752228,23680.91580343,51938089659163.74
789358823529.4117,200.75,36376.49010513,37919.34741542,51891.51612968,25742042442276.945
788864705882.3529,200.79,20526.44538996,53408.01677632,34614.40045924,71436399979243.58
788511764705.8823,184.58,30010.90790773,39977.81118851,13787.2432846,70064936059513.984
788251470588.2352,200.67,34945.09109777,8191.21592076,29752.53360729,37416700048769.305
787639705882.3529,200.6,41740.38087424,30663.17744993,55671.38879363,26466880647520.355
787616176470.5881,200.61,52078.34786296,23676.03598922,18371.2716648,28582647526143.65
787592647058.8235,200.61,8385.67327136,11791.74331635,40620.95843406,45374225965125.78
787355882352.9412,200.58,45138.1392905,49783.5814501,29814.60675947,29778103885323.008
785423529411.7646,200.41,2541.09762879,36788.54728795,13889.83893501,33225910309756.92
785023529411.7646,200.4,17880.77892939,51974.03306333,45467.8612268,34451930573881.195
784104411764.7058,200.31,35302.61924229,8625.88027447,48720.86033629,33224496405133.406
783608823529.4117,200.26,13073.61055652,8231.84715351,28149.74694788,90774679861018.89
782761764705.8823,200.19,45752.68978594,48730.89091565,52986.05888188,29241055779159.05
782336764705.8823,200.15,31568.46580113,7316.27014268,55409.47963327,48678497505196.24
781842647058.8235,200.12,10960.3215714,34448.57719191,16396.70420278,46624541823697.42
780427941176.4706,199.99,58457.11629809,27275.99833294,326.360453,49989776218118.33
779226470588.2352,199.9,2582.8820624,11066.78122701,4491.65604639,37316736991887.01
779132352941.1764,199.88,9647.90156479,18076.9424996,40356.91237677,20914100149755.953
778850000000.0,199.86,39596.57818397,53127.12551177,6198.52074555,30621710078941.418
776492647058.8235,199.65,30582.98190945,24238.62845057,5858.20437985,44947839460828.695
775432352941.1764,199.56,20055.72041419,5202.29943671,16750.05102848,27341215701623.094
775361764705.8823,199.56,31291.65429688,27914.71642181,49746.7373536,57108479651499.46
773995588235.2941,199.45,50450.31751443,6041.2126202,27092.65825357,37653128466897.56
773594117647.0587,199.4,55568.75056576,18805.41473681,54199.53751756,51594275184879.74
773335294117.647,199.4,38312.43350272,14335.0029375,55148.10447421,31431476821903.777
773100000000.0,199.37,36351.15860132,31082.78354327,19080.85244063,28167572258834.656
772698529411.7646,199.33,10931.88983282,20438.46530498,17054.30173901,59713033358470.914
772675000000.0,199.33,5180.98499244,42270.63030664,44592.78672078,57766086691894.9
772533823529.4117,199.31,56837.71687828,45166.26292665,53549.44418372,74595133603400.55
772180882352.9412,199.29,43497.92065427,33748.79513052,42068.20489697,59284596692469.72
771708823529.4117,199.25,19549.46188701,35038.80219843,23949.90927587,56971542988712.33
771708823529.4117,199.25,37272.27122446,41200.09931397,11769.69300283,32071127273580.582
771638235294.1176,199.23,52675.20730255,19150.80675567,52077.32834758,97088376697003.48
770342647058.8235,199.13,4288.61311655,37486.16834467,15366.87411901,38729345536160.75
769470588235.2941,199.05,16229.08715116,26061.32470146,32239.9496482,40559432985603.45
769329411764.7058,199.04,10052.87694097,7005.58001169,26840.30901057,53553334301063.84
768810294117.647,199.01,15782.87345271,27557.82585646,32695.12986148,47337950966567.47
767608823529.4117,198.9,53766.93772771,22151.58081398,3071.87793807,21289821738377.2
766147058823.5293,198.77,993.6605264,4032.14132481,12353.07781449,56479103573420.16
765464705882.3529,198.7,57278.12933789,13784.83070158,19321.04359647,93923610413119.52
764545588235.2941,198.63,49254.07554737,4105.72612707,49835.6249956,24396830018390.613
764498529411.7646,198.64,420.44462491,39335.05835621,31849.03616815,24932063613621.062
763602941176.4706,198.55,44498.85146355,56866.6852053,10680.47397962,33259537674719.445
763508823529.4117,198.56,23088.12953241,5143.27160184,25901.71173932,61903690051986.28
763320588235.2941,198.53,29881.74091582,23746.78906072,51869.38511476,51260334477883.266
762330882352.9412,198.44,1567.68563832,3841.73939688,8029.93072398,31069305152591.188
761623529411.7646,198.37,36368.42454491,31404.46837199,38755.83292591,34561908788513.37
761080882352.9412,198.33,30387.39088401,24757.6521683,5925.75299029,42255482276737.23
760892647058.8235,198.31,55838.03309984,373.30810329,42816.02351461,45632263558916.72
760775000000.0,198.3,9297.66654842,12835.88753145,55493.6165744,35595308112761.2
760657352941.1764,198.3,48821.03919984,57146.96575785,12954.01705005,37439840954440.79
760539705882.3529,198.28,14703.46658389,15660.67156418,28305.60513891,43194456337211.516
760351470588.2352,198.29,57053.70650238,22948.9615164,50456.88606359,50289759649073.46
760279411764.7058,198.26,53634.26072605,19689.77810383,23005.72483602,50207635355524.47
759007352941.1764,198.15,6926.71988385,31301.38986219,21358.67921492,27869709684814.805
758748529411.7646,198.12,32493.02820323,32664.23701518,7158.91625933,58718233630444.93
758135294117.647,198.07,780.49238859,27999.80761271,49999.64730445,47959291353369.805
757688235294.1176,198.05,52445.66351856,26048.17982406,5318.95887381,39223481637001.12
757500000000.0,198.01,40558.73750664,27472.90086854,7496.30734126,28594642150366.44
756886764705.8823,197.96,8038.38877553,12241.91796653,52300.41344721,39197065185618.5
756273529411.7646,197.91,56700.76317825,35441.13608844,45499.07646318,48761375881211.11
755119117647.0587,197.82,3312.51809966,13255.84190324,8286.56390756,53654452046722.016
754930882352.9412,197.79,11331.10961185,41508.77288231,45840.05298092,29227293774156.867
754435294117.647,197.74,30864.67650474,14233.41435285,3132.37230379,64770758717389.79
754411764705.8823,197.75,57198.40680997,15751.58667684,56987.10549196,40858992245171.52
753492647058.8235,197.66,9215.15506549,29888.44927574,16852.2491406,59536672321764.85
753280882352.9412,197.64,5334.97660785,28114.44003893,12681.56628185,40169855131671.79
752575000000.0,197.59,28006.73205089,53979.32739761,26901.53973251,51025202138993.22
752502941176.4706,197.65,36133.46764705,18997.1397814,36105.60414777,51041956908781.84
752338235294.1176,197.59,15523.00150451,28909.95395128,30299.66920742,45667351958656.87
752102941176.4706,197.54,13688.5201976,55467.01703236,54469.26183537,70895652155981.4
750925000000.0,197.44,930.72617536,1976.30773773,24440.17162665,66924347544692.086
750760294117.647,197.43,24910.62839292,40692.31162678,26598.00109272,36867798708844.91
750452941176.4706,197.4,9915.29675496,18628.81700594,17817.50880334,65250520121224.47
749817647058.8235,197.35,11219.57912824,16103.6714342,3574.29472722,46483858313657.984
748614705882.3529,197.23,42061.38636064,44776.90125385,14233.7066053,18711448832017.85
746658823529.4117,197.07,53349.87699564,22264.00463473,53272.46806368,95600619121990.05
745905882352.9412,197.0,31583.4550783,11044.27308492,5129.01260927,62316880113130.6
742913235294.1176,196.74,36593.97143926,18917.43379242,36418.40805945,47858974820331.64
741004411764.7058,196.57,17961.69717453,44392.56730768,17164.18051826,31672052693594.332
740320588235.2941,196.5,4224.23215276,9910.05483426,38651.40450959,70495399322142.22
739944117647.0587,196.47,31233.66083193,28993.32387117,45662.79093832,32180469231132.18
739707352941.1764,196.45,37266.79926055,28346.2874303,47896.83585509,24856513976571.41
739377941176.4706,196.42,51216.9354231,13268.31004857,50326.30701496,35245979410445.516
738977941176.4706,196.4,14939.38824922,54864.66865679,54220.85121956,67319274671116.05
738341176470.5881,196.33,46449.11754973,12209.13681507,58288.41903437,56910933610517.78
737775000000.0,169.08,8794.74224427,33443.08306977,15012.65489731,59028020133456.41
736667647058.8235,196.18,57675.02138956,39888.1666507,9095.51669714,56889088784084.52
736502941176.4706,196.18,19548.31323325,22651.49314925,1949.07238521,37947456279358.63
736338235294.1176,196.17,50807.03826002,26875.98777165,411.45273071,54334469475400.11
733816176470.5881,195.92,26902.62565322,44290.46248445,19478.40558817,51063566084444.516
733085294117.647,195.86,53949.60633755,22982.12994099,22332.54488707,50870850884259.83
731082352941.1764,195.68,17978.75472574,33057.6784798,31673.02813693,22490462414509.434
730917647058.8235,195.67,19577.23577007,53493.54322687,41601.501299,40220897088580.57
730564705882.3529,195.64,52196.99032631,20799.99725216,23435.43308409,47675473565276.83
728773529411.7646,184.05,57870.09055902,51645.2239486,38196.66619298,53018218531218.67
727170588235.2941,195.34,42969.70901792,44539.23708165,6997.17454102,30361268847290.516
726817647058.8235,195.32,14989.39575399,44373.23210196,12929.08657798,27864548932938.98
726629411764.7058,195.28,18356.54337683,945.10213529,10553.73416995,53668991699267.13
726275000000.0,195.26,13641.20431465,33436.2041174,36217.41928609,38666709561339.164
725733823529.4117,195.2,3779.06357519,20548.56921076,3536.52939293,29381150162272.027
725451470588.2352,195.19,32812.37716424,11492.0243256,563.46526978,43920354970922.555
724319117647.0587,195.09,19727.35535795,58231.35585079,43342.89876152,38416071401744.62
723000000000.0,194.96,41033.92448801,15018.25425079,11005.60262892,48718204660039.875
722976470588.2352,194.96,12104.72544461,11293.74157749,36149.74302654,34702898644554.57
722435294117.647,182.94,8089.90536961,39951.53011564,15012.52708602,47688363662427.86
721986764705.8823,194.88,57707.19889036,51975.32641726,38195.73833635,56364365213222.16
721138235294.1176,194.8,48016.48496992,15795.9459683,58305.97168359,73156909820364.14
719205882352.9412,194.62,15061.4595898,3395.43888202,9445.89064209,79217187817661.27
718994117647.0587,194.61,19909.06220913,2299.3637165,15024.24289334,30482911775066.66
718970588235.2941,194.6,55089.77135105,31702.02559348,51477.30403746,31758960697786.203
718782352941.1764,194.61,31743.36785684,10394.0154062,56386.60931196,50502151688602.016
718711764705.8823,194.59,25225.37489507,20291.51041457,692.28366879,52616858138757.734
718286764705.8823,194.54,46287.99477988,13093.06991213,25766.29542589,51519173284294.19
717014705882.3529,194.42,699.02813026,27862.16189001,50460.37886886,48384499603813.984
716708823529.4117,194.39,19408.7365598,56716.57093762,45651.28491526,38874388585456.016
715011764705.8823,194.24,43602.10070227,37562.89439803,42350.99601943,42110604182981.37
713975000000.0,194.15,19626.95872696,31286.15760025,13403.41438337,44224650810979.38
713479411764.7058,194.11,11660.15797131,46811.24581818,20726.95118006,47410036537289.516
712914705882.3529,194.05,32820.75211358,3245.76714434,55059.35648858,31790255120119.938
712750000000.0,194.03,2797.93020823,31305.61536888,21362.26297902,39432928041897.36
712750000000.0,194.03,32836.97936875,17552.74402652,27889.0035022,33410495558356.406
712489705882.3529,194.01,17613.35271244,52146.5812595,3839.55195166,39821469032438.445
712277941176.4706,193.99,16216.14179095,51565.5333128,50382.0603776,38370402282405.18
711523529411.7646,193.95,41203.56426187,11562.77488571,25192.77103392,38862582481849.695
711076470588.2352,193.88,55164.04437484,58053.93305893,5629.94107125,45052256317275.055
710817647058.8235,193.87,49933.23437168,57550.02544998,15689.11264548,27932487050098.734
710722058823.5294,193.85,6962.25905177,40668.70114229,22278.97144483,33164782499867.086
709520588235.2941,193.74,30964.17399883,6146.12913965,7643.59240448,35042824881123.906
708036764705.8823,193.6,9663.05081141,10397.34868882,48266.08889485,55012130396372.34
707966176470.5881,193.6,48704.09071568,33513.3903559,51108.3946122,34871718856601.895
707942647058.8235,193.6,15250.25892647,28238.10214921,33229.80135675,49219339588766.64
707776470588.2352,193.58,11977.97795793,34956.2139119,4206.50751479,19606756804702.68
706551470588.2352,193.47,26189.0858529,537.98614584,27753.50482213,78797611620634.08
706198529411.7646,193.44,34985.93654552,32376.37774525,20597.03289731,30887241367236.965
705820588235.2941,193.41,25198.36105156,38774.83405224,54842.53091446,35599243480629.98
705067647058.8235,193.34,41985.53311002,10627.02428449,19495.39730255,23998650911332.586
704548529411.7646,193.28,15433.68115806,50452.82031811,33888.56668338,32308003428172.957
704336764705.8823,193.27,9538.74331996,29255.19661811,18059.35628,49237791044103.48
703983823529.4117,193.24,3331.39153254,13167.94499532,21750.64002553,39759822790853.32
703629411764.7058,193.21,8129.89087403,23037.59054065,10585.47930479,43408827843212.984
703158823529.4117,193.17,7454.85156957,11338.89541645,39084.22791316,57044641857747.9
701791176470.5881,193.04,50004.14021396,27326.3102189,663.17248681,52991189387832.53
701085294117.647,192.98,12245.30303324,55959.34622816,231.0124737,57234906289918.5
701036764705.8823,192.98,27710.3941981,42096.98133396,9326.43327157,49431307456908.16
700166176470.5881,192.89,8026.28883804,11752.04480952,24914.72710774,40009259131517.89
700000000000.0,192.88,15090.24759411,21804.11861413,22558.62019487,39832002621883.61
699411764705.8823,192.82,48459.28244148,20280.13769041,18674.22288437,65543622549678.51
699388235294.1176,192.81,13666.76804807,28546.05669902,17039.16788301,34739141733070.594
699247058823.5294,192.8,8041.55690036,19740.99960971,10987.53441818,57614421855946.17
699176470588.2352,192.79,3535.0388457,46324.63849713,46522.38594731,34873203456456.582
699057352941.1764,192.79,17381.13313793,53925.38555271,19651.38793022,32494403187705.945
696936764705.8823,192.59,11925.3112337,8471.57422229,28952.63967206,85613126772580.12
696419117647.0587,192.54,18524.70205455,32558.65034035,26563.91681393,63372642695507.01
696277941176.4706,192.53,4729.71230373,55866.2762728,32616.46011222,29250222594134.82
695947058823.5294,192.5,7122.02922752,31614.60221995,46100.94619572,40318079466369.96
695570588235.2941,192.46,8645.99908851,35047.36716702,14602.2959842,54415439080173.22
695405882352.9412,192.45,26581.53586956,38855.99190616,50083.329507,24454894368262.836
694933823529.4117,192.4,23235.73346906,40856.35533383,56899.15185394,40981035779257.664
694627941176.4706,192.38,21656.0661817,3830.08407388,34841.35889044,35555200351607.58
694250000000.0,192.34,52286.05124396,6950.43753442,20983.15446247,29185088721145.035
693802941176.4706,192.3,54042.04066273,24206.53595687,22002.70616885,54465939040309.67
693638235294.1176,192.28,50229.69754643,15244.16942443,53327.82492557,42217683893135.336
692366176470.5881,192.19,29654.55956231,39261.5639718,35285.54056254,33919265572050.125
690102941176.4706,191.96,11599.35449251,58321.73197799,53335.57803138,73069860425709.9
689089705882.3529,191.86,27470.26039123,53226.88124503,20653.51047415,44903065814417.48
689019117647.0587,191.86,16166.05365482,53865.32379637,51210.28240325,46952402740812.805
688405882352.9412,191.8,30818.7585187,38285.76603651,10733.93188834,122804992421134.94
688382352941.1764,191.82,14724.36741281,16083.89579417,28150.21639853,44746758658288.234
688311764705.8823,191.79,53493.16509132,21371.24263937,25357.03897827,45875007417696.66
688217647058.8235,191.78,51446.89823253,37247.92133928,3670.29060177,83215450877105.53
688194117647.0587,191.78,22228.83509906,39645.62766107,55275.88021199,42443790807511.96
687888235294.1176,191.76,29301.10618907,49536.82647284,2115.43834278,34262231703560.008
687016176470.5881,191.68,10703.39470116,4055.69163557,40364.60683012,37680275435668.99
686875000000.0,191.68,30092.37617271,26606.20961388,31338.7625069,26244308494702.51
686804411764.7058,191.65,23482.92658662,57380.95428598,11446.0632126,34802743876051.574
686780882352.9412,191.67,17221.02286717,34638.13562496,51816.60734595,37788203488597.07
686569117647.0587,191.63,38102.8714148,16482.27996823,56770.33176898,32215227719793.51
685908823529.4117,191.58,55847.0473674,989.55595966,6056.35896214,44475501056267.46
684470588235.2941,191.44,13523.96138537,22167.34382295,41471.0549985,22996640269726.723
684305882352.9412,191.42,19326.05194215,36255.29648501,27925.26984803,54570567982449.555
683600000000.0,191.36,55463.14399545,25655.53153761,52597.75150655,66233985047185.3
683600000000.0,191.36,44254.78861359,27208.07035449,2473.67006398,31343484824167.215
683198529411.7646,191.32,23612.73160987,30382.90339846,14216.28155323,50400939682635.625
682420588235.2941,191.26,35052.56423979,41074.36908246,1884.59700189,19588988736600.547
682326470588.2352,191.24,23540.50380547,46401.43915064,3422.59289534,19044729716856.676
682114705882.3529,191.21,29105.78003981,13987.90385522,6119.39541666,62969491357189.625
681973529411.7646,191.2,12431.73990359,6276.63894173,27309.6672971,63277557609575.83
681030882352.9412,191.12,5840.46436816,9129.46420133,41961.84240341,95040170894306.95
680983823529.4117,191.11,26197.12572727,54971.20525248,26398.8001791,75715817973073.22
680276470588.2352,191.05,51643.65883262,21314.67972673,44615.1150319,23906511460033.723
678957352941.1764,190.92,31316.15952401,6408.796012,54758.98394192,42457623507745.31
678722058823.5294,190.89,50643.47708066,36399.59167667,4205.98436436,78975716473042.47
678391176470.5881,190.87,54941.31572993,13855.88132118,43250.9429465,61354364540674.805
676930882352.9412,190.72,5849.64096593,6876.76101169,8605.89385977,41188549847835.09
676505882352.9412,190.69,29406.57014556,38511.73695144,27109.90536072,32445010786191.266
676294117647.0587,190.67,10511.72447742,25419.92046688,23979.79752255,56922174152274.695
676247058823.5294,190.67,36146.58109821,22314.10101633,56145.60741804,71829748245504.61
676129411764.7058,190.65,20505.17907222,2342.08723914,46031.29881353,41812458828036.805
675704411764.7058,190.61,26123.77700152,1611.34207064,25329.5306441,86866152615013.5
674691176470.5881,190.52,47588.69380367,21404.1329806,19224.81408013,56909119099584.27
673891176470.5881,190.45,55763.45177673,9458.8021277,16699.09627183,42779569590518.984
673207352941.1764,190.41,55850.35549027,12677.88521108,11160.19322342,40753656350719.875
672901470588.2352,190.36,48891.72483932,56891.59022493,14515.18551209,34015552476911.29
671086764705.8823,190.2,49256.78040898,41373.37697286,56174.0140167,38341464367777.305
670614705882.3529,190.14,39267.25162913,7564.09705581,46051.90921286,26024422760669.344
670261764705.8823,160.44,56549.71141121,45286.33178605,53474.46403063,77629349360380.23
669930882352.9412,190.08,16678.79223345,42349.22172498,11687.06679721,22327604166957.918
669295588235.2941,190.01,9900.14078311,27832.607321,21678.53009806,52839948723270.87
668941176470.5881,189.97,34358.79368044,25695.40503925,2607.06250377,58524528697023.8
668800000000.0,189.96,33260.16929568,16987.85623863,25501.51610562,44847004496095.234
668752941176.4706,189.96,52219.99752186,15306.60497496,29964.20549882,61883282695253.59
668470588235.2941,189.94,41680.07364685,48756.09650298,36228.68810739,37252804937827.21
668447058823.5294,189.93,1003.25001216,49166.29702481,9784.61597634,28451248656465.27
668211764705.8823,189.91,14541.99675748,14337.50050104,29444.67268288,38056633281370.81
667998529411.7646,189.88,30046.41759536,5447.9332742,27553.46274618,84276656992282.47
667739705882.3529,189.86,52843.68127235,37560.84065398,4347.50114897,78267138170969.44
667575000000.0,189.87,33108.20826349,12134.24188198,2251.50023005,56303897225489.96
667410294117.647,189.83,30098.05053777,11932.05761119,2160.54655016,59825509471271.29
667008823529.4117,189.8,2400.55654164,19093.13115549,46626.53351333,33850714762886.85
665642647058.8235,189.66,32630.3179419,49559.85754967,40575.03116822,23643595895291.676
665076470588.2352,189.61,26870.05454825,52415.93146638,36834.16038458,37527974342639.695
665052941176.4706,189.61,12528.00705555,28446.50356658,21164.42419799,38583147798089.62
663827941176.4706,189.49,55313.30945218,33936.03596549,4327.29502188,35420266720370.42
663780882352.9412,189.49,5271.85229171,32044.61495856,14385.04982602,33480295316603.777
663475000000.0,189.45,45576.38115013,21047.39933394,47227.52710977,28325199059279.18
663451470588.2352,189.45,6925.7597648,5029.64710672,40845.99516999,74409558621564.6
663192647058.8235,189.44,32564.41342441,53870.86207529,2508.00961962,45149580085526.79
663073529411.7646,189.42,26559.55385534,3175.816576,25851.8261824,86793713568135.58
662979411764.7058,189.42,27906.98091628,48935.47967518,23025.96362007,104684131550357.56
662083823529.4117,189.33,55580.8356272,27976.98221077,20897.79114727,43926269805264.25
661730882352.9412,189.29,33139.30080149,51852.62806874,24025.17427412,41690156078103.02
661519117647.0587,189.27,4772.35579605,26157.66312698,14742.96454761,70302542731495.19
661377941176.4706,189.26,31820.13009084,53594.57230007,2581.41436599,40636655743124.266
661307352941.1764,189.25,28969.18563695,18530.70937005,13126.19014299,25573905617464.32
660529411764.7058,189.2,26428.84919504,20733.48317282,15242.05188229,25625088964835.45
660364705882.3529,189.18,39757.94448376,38378.14995766,23736.18605534,25692367259837.56
660198529411.7646,189.14,48666.93021731,11928.28830975,27906.89730689,54811709415989.52
659939705882.3529,189.15,36484.94711817,30409.6050995,38277.09068362,37500756678637.09
659586764705.8823,189.09,35670.9234713,37152.40604579,51324.57344338,31676977794699.57
659586764705.8823,189.08,4170.41689724,7935.01992802,38885.20638301,138900764829810.2
659539705882.3529,189.08,47610.46659154,49965.32551926,47114.46206598,36314137223354.68
658455882352.9412,189.0,295.89637241,38375.91413283,8717.57125635,52560325518894.31
658101470588.2352,188.94,42016.04005103,14749.95848718,10993.63481624,53774704634951.7
657889705882.3529,188.93,38689.66345349,14635.61052729,55224.8403537,32035496877068.086
657560294117.647,156.86,9131.10295484,44194.88400748,22413.04341426,32545162363690.027
657442647058.8235,188.9,54009.01542293,20114.86686125,45130.01552161,29088236254434.47
657158823529.4117,188.85,32690.44302266,22342.45376191,3746.86534963,64880901887561.38
656570588235.2941,188.79,33486.52085684,30453.25996243,19374.56720864,45202625073985.55
656169117647.0587,188.78,6532.33551648,48457.56615327,23391.56754224,34083820505149.86
656004411764.7058,188.78,32994.51191501,42724.53157605,28733.13339504,32385980268159.64
655132352941.1764,188.66,11564.90558533,3292.22199373,6900.45547919,70360112214749.18
653695588235.2941,188.52,46660.97388787,35634.50367451,7379.1277306,28089901764849.73
653672058823.5294,188.55,22059.66605894,21200.77431946,7164.53477048,32352800639661.227
653672058823.5294,188.52,10547.75274196,23575.25199641,22788.84232186,48230478260159.414
651338235294.1176,188.29,15270.58795208,55377.50511851,45183.55280547,31493429409490.66
651008823529.4117,188.26,25108.44311299,27975.78931032,18970.72314814,27243184981059.594
650230882352.9412,188.19,30426.10856041,9028.16035053,27294.03690492,59101590304033.15
647567647058.8235,187.93,6406.76352163,28292.23516324,5673.79501834,46406635556137.17
647544117647.0588,187.93,8418.0842532,27487.43897165,18098.91314969,74569989666179.1
647379411764.7058,187.91,4834.91993704,24154.21267274,17927.31574698,47013671941164.984
645942647058.8235,187.77,50316.86542102,25368.17177182,57587.32837348,54290002174990.66
644104411764.7058,187.59,30119.65985467,39727.22989228,13538.8995097,79832519109813.67
643939705882.3529,187.59,29960.76592234,41636.78607444,9357.24749669,61882387222325.37
643939705882.3529,187.59,58137.57850368,45957.59144525,11909.95337647,30068731980685.89
643467647058.8235,187.55,3388.65323139,11322.01317989,45279.0728437,37197049965506.73
643020588235.2941,187.49,11817.29009652,20280.51204608,57421.44624806,27999270478482.613
642926470588.2352,187.48,8884.23617774,3591.51953696,50079.99734159,50447410014595.05
642525000000.0,187.44,25744.34721837,51190.06814534,22183.41140568,123863017250908.95
641652941176.4706,187.36,33321.68512876,39260.23596553,15256.41418621,36075422992751.75
641229411764.7058,187.33,8697.26788879,32596.81196631,15098.08215476,59641796130522.97
640216176470.5881,187.22,16055.87672524,52228.2602493,21269.39913539,36427815155085.05
639179411764.7058,187.12,34631.41268438,39072.70363765,53236.15050117,23327729602399.105
638095588235.2941,187.01,11046.94128561,3715.5592167,7675.89918597,67018254376770.34
637811764705.8823,186.99,7849.19779011,34402.0007222,53587.27138147,28036503300235.094
637717647058.8235,186.99,57697.76812352,58415.85192133,27192.22666971,67126041039236.07
636422058823.5294,186.84,53734.71251772,37646.01480187,4249.45800864,73496034844313.5
635408823529.4117,186.77,7609.60305023,8438.81092472,45489.64645551,68379114011823.58
634795588235.2941,186.68,13403.42270458,5978.0017266,28266.84149085,57315946589922.79
634677941176.4706,186.67,29385.3887027,44067.31468366,10958.92484585,58797977851211.01
634419117647.0588,186.65,6691.68473974,5370.87373667,9217.02381376,41669371680137.4
633994117647.0588,186.61,36134.08253332,14288.06012055,48012.28639524,24158492829020.613
633876470588.2352,186.59,42615.19247055,20324.55368042,47328.60749722,32440580551704.26
633547058823.5294,186.57,13234.17804012,25149.44584465,28750.78775426,25775269200929.48
633100000000.0,186.52,31967.39613355,26336.17706429,37150.01755758,47626198989147.44
632792647058.8235,186.49,8015.64261081,43440.03340207,35387.58695356,24898883985122.65
632557352941.1764,186.5,20779.81831163,2895.48598602,36813.25708663,49198508060646.89
632014705882.3529,186.42,18693.40282309,14802.94106022,11626.11988756,50299232810050.99
631544117647.0588,186.37,53420.30299593,13844.54386776,24991.45133042,105456924687415.11
631191176470.5881,186.33,51748.6334422,14820.08667141,23472.55134943,105828192476472.3
631120588235.2941,186.32,47977.10616816,12182.10237743,27675.28024623,54021784467910.42
